IDUSER;USERNAME;FIRSTNAME;LASTNAME;EMAIL;PASSWORD;AGE;GENDER;HEIGHT;WEIGHT;USERPICTURES;GOAL;TARGETWEIGHT;NBHOURSPERSESSION;BMI;STRDATE;INPUTCARDIO;INPUTARMS;INPUTABS;INPUTLEGS;ACHIEVEMENTPOKEMON
1;Adrian;Adrian;Muino;adrian@muino.com;1234;27;M;2;83;NULL;NULL;100;2;NULL;NULL;NULL;NULL;NULL;NULL;NULL
2;David;David;Hornung;David.hornung@gmail.com;1234;27;M;1.7;80;NULL;NULL;NULL;NULL;NULL;NULL;NULL;NULL;NULL;NULL;NULL
3;Pepito;Pepito;Bla;hhhh@gmail.com;1234;25;F;1.7;80;NULL;NULL;NULL;NULL;NULL;NULL;NULL;NULL;NULL;NULL;NULL
4;User4;Firstname4;Lastname4;User4@Firstname4.com;1234;33;F;1.6;89;NULL;NULL;NULL;NULL;NULL;NULL;NULL;NULL;NULL;NULL;NULL
5;User5;Firstname5;Lastname5;User5@Firstname5.com;1234;43;M;2.1;69;NULL;NULL;NULL;NULL;NULL;NULL;NULL;NULL;NULL;NULL;NULL
6;User6;Firstname6;Lastname6;User6@Firstname6.com;1234;44;F;2.0;74;NULL;NULL;NULL;NULL;NULL;NULL;NULL;NULL;NULL;NULL;NULL
7;User7;Firstname7;Lastname7;User7@Firstname7.com;1234;35;F;2.0;93;NULL;NULL;NULL;NULL;NULL;NULL;NULL;NULL;NULL;NULL;NULL
8;User8;Firstname8;Lastname8;User8@Firstname8.com;1234;21;M;1.7;83;NULL;NULL;NULL;NULL;NULL;NULL;NULL;NULL;NULL;NULL;NULL
9;User9;Firstname9;Lastname9;User9@Firstname9.com;1234;60;M;1.5;91;NULL;NULL;NULL;NULL;NULL;NULL;NULL;NULL;NULL;NULL;NULL
10;User10;Firstname10;Lastname10;User10@Firstname10.com;1234;51;F;1.8;71;NULL;NULL;NULL;NULL;NULL;NULL;NULL;NULL;NULL;NULL;NULL
11;User11;Firstname11;Lastname11;User11@Firstname11.com;1234;38;F;1.6;81;NULL;NULL;NULL;NULL;NULL;NULL;NULL;NULL;NULL;NULL;NULL
12;User12;Firstname12;Lastname12;User12@Firstname12.com;1234;51;F;1.9;73;NULL;NULL;NULL;NULL;NULL;NULL;NULL;NULL;NULL;NULL;NULL
13;User13;Firstname13;Lastname13;User13@Firstname13.com;1234;43;M;2.0;64;NULL;NULL;NULL;NULL;NULL;NULL;NULL;NULL;NULL;NULL;NULL
14;User14;Firstname14;Lastname14;User14@Firstname14.com;1234;42;F;1.4;91;NULL;NULL;NULL;NULL;NULL;NULL;NULL;NULL;NULL;NULL;NULL
15;User15;Firstname15;Lastname15;User15@Firstname15.com;1234;34;F;1.5;51;NULL;NULL;NULL;NULL;NULL;NULL;NULL;NULL;NULL;NULL;NULL
16;User16;Firstname16;Lastname16;User16@Firstname16.com;1234;49;F;1.7;85;NULL;NULL;NULL;NULL;NULL;NULL;NULL;NULL;NULL;NULL;NULL
17;User17;Firstname17;Lastname17;User17@Firstname17.com;1234;43;M;1.7;53;NULL;NULL;NULL;NULL;NULL;NULL;NULL;NULL;NULL;NULL;NULL
18;User18;Firstname18;Lastname18;User18@Firstname18.com;1234;21;F;1.5;51;NULL;NULL;NULL;NULL;NULL;NULL;NULL;NULL;NULL;NULL;NULL
19;User19;Firstname19;Lastname19;User19@Firstname19.com;1234;46;M;1.7;63;NULL;NULL;NULL;NULL;NULL;NULL;NULL;NULL;NULL;NULL;NULL
20;User20;Firstname20;Lastname20;User20@Firstname20.com;1234;30;F;2.0;82;NULL;NULL;NULL;NULL;NULL;NULL;NULL;NULL;NULL;NULL;NULL
21;User21;Firstname21;Lastname21;User21@Firstname21.com;1234;46;F;1.5;95;NULL;NULL;NULL;NULL;NULL;NULL;NULL;NULL;NULL;NULL;NULL
22;User22;Firstname22;Lastname22;User22@Firstname22.com;1234;42;F;1.8;85;NULL;NULL;NULL;NULL;NULL;NULL;NULL;NULL;NULL;NULL;NULL
23;User23;Firstname23;Lastname23;User23@Firstname23.com;1234;41;F;1.7;53;NULL;NULL;NULL;NULL;NULL;NULL;NULL;NULL;NULL;NULL;NULL
24;User24;Firstname24;Lastname24;User24@Firstname24.com;1234;26;F;1.6;52;NULL;NULL;NULL;NULL;NULL;NULL;NULL;NULL;NULL;NULL;NULL
25;User25;Firstname25;Lastname25;User25@Firstname25.com;1234;38;F;1.5;63;NULL;NULL;NULL;NULL;NULL;NULL;NULL;NULL;NULL;NULL;NULL
26;User26;Firstname26;Lastname26;User26@Firstname26.com;1234;23;M;1.7;50;NULL;NULL;NULL;NULL;NULL;NULL;NULL;NULL;NULL;NULL;NULL
27;User27;Firstname27;Lastname27;User27@Firstname27.com;1234;37;F;1.7;52;NULL;NULL;NULL;NULL;NULL;NULL;NULL;NULL;NULL;NULL;NULL
28;User28;Firstname28;Lastname28;User28@Firstname28.com;1234;35;M;2.0;64;NULL;NULL;NULL;NULL;NULL;NULL;NULL;NULL;NULL;NULL;NULL
29;User29;Firstname29;Lastname29;User29@Firstname29.com;1234;45;M;1.8;82;NULL;NULL;NULL;NULL;NULL;NULL;NULL;NULL;NULL;NULL;NULL
30;User30;Firstname30;Lastname30;User30@Firstname30.com;1234;55;M;2.1;99;NULL;NULL;NULL;NULL;NULL;NULL;NULL;NULL;NULL;NULL;NULL
31;User31;Firstname31;Lastname31;User31@Firstname31.com;1234;36;F;1.5;66;NULL;NULL;NULL;NULL;NULL;NULL;NULL;NULL;NULL;NULL;NULL
32;User32;Firstname32;Lastname32;User32@Firstname32.com;1234;59;M;1.6;80;NULL;NULL;NULL;NULL;NULL;NULL;NULL;NULL;NULL;NULL;NULL
33;User33;Firstname33;Lastname33;User33@Firstname33.com;1234;33;F;1.7;53;NULL;NULL;NULL;NULL;NULL;NULL;NULL;NULL;NULL;NULL;NULL
34;User34;Firstname34;Lastname34;User34@Firstname34.com;1234;43;F;1.5;88;NULL;NULL;NULL;NULL;NULL;NULL;NULL;NULL;NULL;NULL;NULL
35;User35;Firstname35;Lastname35;User35@Firstname35.com;1234;55;M;1.5;91;NULL;NULL;NULL;NULL;NULL;NULL;NULL;NULL;NULL;NULL;NULL
36;User36;Firstname36;Lastname36;User36@Firstname36.com;1234;23;M;1.8;97;NULL;NULL;NULL;NULL;NULL;NULL;NULL;NULL;NULL;NULL;NULL
37;User37;Firstname37;Lastname37;User37@Firstname37.com;1234;33;F;1.7;77;NULL;NULL;NULL;NULL;NULL;NULL;NULL;NULL;NULL;NULL;NULL
38;User38;Firstname38;Lastname38;User38@Firstname38.com;1234;35;F;1.4;74;NULL;NULL;NULL;NULL;NULL;NULL;NULL;NULL;NULL;NULL;NULL
39;User39;Firstname39;Lastname39;User39@Firstname39.com;1234;24;F;1.6;78;NULL;NULL;NULL;NULL;NULL;NULL;NULL;NULL;NULL;NULL;NULL
40;User40;Firstname40;Lastname40;User40@Firstname40.com;1234;57;M;2.0;94;NULL;NULL;NULL;NULL;NULL;NULL;NULL;NULL;NULL;NULL;NULL
41;User41;Firstname41;Lastname41;User41@Firstname41.com;1234;40;F;1.8;79;NULL;NULL;NULL;NULL;NULL;NULL;NULL;NULL;NULL;NULL;NULL
42;User42;Firstname42;Lastname42;User42@Firstname42.com;1234;35;F;1.7;61;NULL;NULL;NULL;NULL;NULL;NULL;NULL;NULL;NULL;NULL;NULL
43;User43;Firstname43;Lastname43;User43@Firstname43.com;1234;57;F;2.0;76;NULL;NULL;NULL;NULL;NULL;NULL;NULL;NULL;NULL;NULL;NULL
44;User44;Firstname44;Lastname44;User44@Firstname44.com;1234;52;M;2.0;92;NULL;NULL;NULL;NULL;NULL;NULL;NULL;NULL;NULL;NULL;NULL
45;User45;Firstname45;Lastname45;User45@Firstname45.com;1234;52;F;1.8;69;NULL;NULL;NULL;NULL;NULL;NULL;NULL;NULL;NULL;NULL;NULL
46;User46;Firstname46;Lastname46;User46@Firstname46.com;1234;42;M;1.8;72;NULL;NULL;NULL;NULL;NULL;NULL;NULL;NULL;NULL;NULL;NULL
47;User47;Firstname47;Lastname47;User47@Firstname47.com;1234;25;M;1.4;61;NULL;NULL;NULL;NULL;NULL;NULL;NULL;NULL;NULL;NULL;NULL
48;User48;Firstname48;Lastname48;User48@Firstname48.com;1234;39;M;2.1;88;NULL;NULL;NULL;NULL;NULL;NULL;NULL;NULL;NULL;NULL;NULL
49;User49;Firstname49;Lastname49;User49@Firstname49.com;1234;21;F;1.8;83;NULL;NULL;NULL;NULL;NULL;NULL;NULL;NULL;NULL;NULL;NULL
50;User50;Firstname50;Lastname50;User50@Firstname50.com;1234;53;F;1.4;85;NULL;NULL;NULL;NULL;NULL;NULL;NULL;NULL;NULL;NULL;NULL
51;User51;Firstname51;Lastname51;User51@Firstname51.com;1234;21;M;1.6;73;NULL;NULL;NULL;NULL;NULL;NULL;NULL;NULL;NULL;NULL;NULL
52;User52;Firstname52;Lastname52;User52@Firstname52.com;1234;46;M;1.4;55;NULL;NULL;NULL;NULL;NULL;NULL;NULL;NULL;NULL;NULL;NULL
53;User53;Firstname53;Lastname53;User53@Firstname53.com;1234;54;F;1.6;61;NULL;NULL;NULL;NULL;NULL;NULL;NULL;NULL;NULL;NULL;NULL
54;User54;Firstname54;Lastname54;User54@Firstname54.com;1234;51;M;1.7;100;NULL;NULL;NULL;NULL;NULL;NULL;NULL;NULL;NULL;NULL;NULL
55;User55;Firstname55;Lastname55;User55@Firstname55.com;1234;53;M;2.0;87;NULL;NULL;NULL;NULL;NULL;NULL;NULL;NULL;NULL;NULL;NULL
56;User56;Firstname56;Lastname56;User56@Firstname56.com;1234;27;M;2.0;51;NULL;NULL;NULL;NULL;NULL;NULL;NULL;NULL;NULL;NULL;NULL
57;User57;Firstname57;Lastname57;User57@Firstname57.com;1234;33;M;1.8;76;NULL;NULL;NULL;NULL;NULL;NULL;NULL;NULL;NULL;NULL;NULL
58;User58;Firstname58;Lastname58;User58@Firstname58.com;1234;25;M;1.9;55;NULL;NULL;NULL;NULL;NULL;NULL;NULL;NULL;NULL;NULL;NULL
59;User59;Firstname59;Lastname59;User59@Firstname59.com;1234;33;F;1.8;68;NULL;NULL;NULL;NULL;NULL;NULL;NULL;NULL;NULL;NULL;NULL
60;User60;Firstname60;Lastname60;User60@Firstname60.com;1234;25;M;2.0;84;NULL;NULL;NULL;NULL;NULL;NULL;NULL;NULL;NULL;NULL;NULL
61;User61;Firstname61;Lastname61;User61@Firstname61.com;1234;32;F;1.7;70;NULL;NULL;NULL;NULL;NULL;NULL;NULL;NULL;NULL;NULL;NULL
62;User62;Firstname62;Lastname62;User62@Firstname62.com;1234;33;F;1.4;55;NULL;NULL;NULL;NULL;NULL;NULL;NULL;NULL;NULL;NULL;NULL
63;User63;Firstname63;Lastname63;User63@Firstname63.com;1234;30;M;1.7;86;NULL;NULL;NULL;NULL;NULL;NULL;NULL;NULL;NULL;NULL;NULL
64;User64;Firstname64;Lastname64;User64@Firstname64.com;1234;53;F;2.0;99;NULL;NULL;NULL;NULL;NULL;NULL;NULL;NULL;NULL;NULL;NULL
65;User65;Firstname65;Lastname65;User65@Firstname65.com;1234;51;F;2.0;54;NULL;NULL;NULL;NULL;NULL;NULL;NULL;NULL;NULL;NULL;NULL
66;User66;Firstname66;Lastname66;User66@Firstname66.com;1234;47;F;1.7;71;NULL;NULL;NULL;NULL;NULL;NULL;NULL;NULL;NULL;NULL;NULL
67;User67;Firstname67;Lastname67;User67@Firstname67.com;1234;51;M;1.8;86;NULL;NULL;NULL;NULL;NULL;NULL;NULL;NULL;NULL;NULL;NULL
68;User68;Firstname68;Lastname68;User68@Firstname68.com;1234;24;F;1.5;60;NULL;NULL;NULL;NULL;NULL;NULL;NULL;NULL;NULL;NULL;NULL
69;User69;Firstname69;Lastname69;User69@Firstname69.com;1234;56;F;1.4;81;NULL;NULL;NULL;NULL;NULL;NULL;NULL;NULL;NULL;NULL;NULL
70;User70;Firstname70;Lastname70;User70@Firstname70.com;1234;45;F;1.9;82;NULL;NULL;NULL;NULL;NULL;NULL;NULL;NULL;NULL;NULL;NULL
71;User71;Firstname71;Lastname71;User71@Firstname71.com;1234;60;F;1.7;61;NULL;NULL;NULL;NULL;NULL;NULL;NULL;NULL;NULL;NULL;NULL
72;User72;Firstname72;Lastname72;User72@Firstname72.com;1234;48;M;1.5;73;NULL;NULL;NULL;NULL;NULL;NULL;NULL;NULL;NULL;NULL;NULL
73;User73;Firstname73;Lastname73;User73@Firstname73.com;1234;24;F;1.9;88;NULL;NULL;NULL;NULL;NULL;NULL;NULL;NULL;NULL;NULL;NULL
74;User74;Firstname74;Lastname74;User74@Firstname74.com;1234;42;M;1.9;51;NULL;NULL;NULL;NULL;NULL;NULL;NULL;NULL;NULL;NULL;NULL
75;User75;Firstname75;Lastname75;User75@Firstname75.com;1234;59;M;1.8;80;NULL;NULL;NULL;NULL;NULL;NULL;NULL;NULL;NULL;NULL;NULL
76;User76;Firstname76;Lastname76;User76@Firstname76.com;1234;21;M;2.1;97;NULL;NULL;NULL;NULL;NULL;NULL;NULL;NULL;NULL;NULL;NULL
77;User77;Firstname77;Lastname77;User77@Firstname77.com;1234;26;F;1.9;75;NULL;NULL;NULL;NULL;NULL;NULL;NULL;NULL;NULL;NULL;NULL
78;User78;Firstname78;Lastname78;User78@Firstname78.com;1234;24;F;2.0;93;NULL;NULL;NULL;NULL;NULL;NULL;NULL;NULL;NULL;NULL;NULL
79;User79;Firstname79;Lastname79;User79@Firstname79.com;1234;31;F;2.1;72;NULL;NULL;NULL;NULL;NULL;NULL;NULL;NULL;NULL;NULL;NULL
80;User80;Firstname80;Lastname80;User80@Firstname80.com;1234;42;F;1.9;70;NULL;NULL;NULL;NULL;NULL;NULL;NULL;NULL;NULL;NULL;NULL
81;User81;Firstname81;Lastname81;User81@Firstname81.com;1234;21;F;1.6;77;NULL;NULL;NULL;NULL;NULL;NULL;NULL;NULL;NULL;NULL;NULL
82;User82;Firstname82;Lastname82;User82@Firstname82.com;1234;21;M;1.5;80;NULL;NULL;NULL;NULL;NULL;NULL;NULL;NULL;NULL;NULL;NULL
83;User83;Firstname83;Lastname83;User83@Firstname83.com;1234;32;F;1.5;74;NULL;NULL;NULL;NULL;NULL;NULL;NULL;NULL;NULL;NULL;NULL
84;User84;Firstname84;Lastname84;User84@Firstname84.com;1234;47;M;1.8;98;NULL;NULL;NULL;NULL;NULL;NULL;NULL;NULL;NULL;NULL;NULL
85;User85;Firstname85;Lastname85;User85@Firstname85.com;1234;24;F;2.0;77;NULL;NULL;NULL;NULL;NULL;NULL;NULL;NULL;NULL;NULL;NULL
86;User86;Firstname86;Lastname86;User86@Firstname86.com;1234;27;F;2.0;67;NULL;NULL;NULL;NULL;NULL;NULL;NULL;NULL;NULL;NULL;NULL
87;User87;Firstname87;Lastname87;User87@Firstname87.com;1234;47;F;1.9;89;NULL;NULL;NULL;NULL;NULL;NULL;NULL;NULL;NULL;NULL;NULL
88;User88;Firstname88;Lastname88;User88@Firstname88.com;1234;32;M;2.1;84;NULL;NULL;NULL;NULL;NULL;NULL;NULL;NULL;NULL;NULL;NULL
89;User89;Firstname89;Lastname89;User89@Firstname89.com;1234;57;F;1.9;58;NULL;NULL;NULL;NULL;NULL;NULL;NULL;NULL;NULL;NULL;NULL
90;User90;Firstname90;Lastname90;User90@Firstname90.com;1234;34;F;1.5;50;NULL;NULL;NULL;NULL;NULL;NULL;NULL;NULL;NULL;NULL;NULL
91;User91;Firstname91;Lastname91;User91@Firstname91.com;1234;38;F;1.7;73;NULL;NULL;NULL;NULL;NULL;NULL;NULL;NULL;NULL;NULL;NULL
92;User92;Firstname92;Lastname92;User92@Firstname92.com;1234;45;F;1.7;57;NULL;NULL;NULL;NULL;NULL;NULL;NULL;NULL;NULL;NULL;NULL
93;User93;Firstname93;Lastname93;User93@Firstname93.com;1234;35;F;1.8;91;NULL;NULL;NULL;NULL;NULL;NULL;NULL;NULL;NULL;NULL;NULL
94;User94;Firstname94;Lastname94;User94@Firstname94.com;1234;20;F;1.5;75;NULL;NULL;NULL;NULL;NULL;NULL;NULL;NULL;NULL;NULL;NULL
95;User95;Firstname95;Lastname95;User95@Firstname95.com;1234;59;F;1.5;95;NULL;NULL;NULL;NULL;NULL;NULL;NULL;NULL;NULL;NULL;NULL
96;User96;Firstname96;Lastname96;User96@Firstname96.com;1234;53;F;2.1;88;NULL;NULL;NULL;NULL;NULL;NULL;NULL;NULL;NULL;NULL;NULL
97;User97;Firstname97;Lastname97;User97@Firstname97.com;1234;40;M;1.8;55;NULL;NULL;NULL;NULL;NULL;NULL;NULL;NULL;NULL;NULL;NULL
98;User98;Firstname98;Lastname98;User98@Firstname98.com;1234;46;M;1.9;91;NULL;NULL;NULL;NULL;NULL;NULL;NULL;NULL;NULL;NULL;NULL
99;User99;Firstname99;Lastname99;User99@Firstname99.com;1234;35;M;1.5;84;NULL;NULL;NULL;NULL;NULL;NULL;NULL;NULL;NULL;NULL;NULL
100;User100;Firstname100;Lastname100;User100@Firstname100.com;1234;53;M;2.1;89;NULL;NULL;NULL;NULL;NULL;NULL;NULL;NULL;NULL;NULL;NULL
;;;;;;;;;;;;;;;;;;;;
;;;;;;;;;;;;;;;;;;;;
